mode,drones_n,visits_n,seconds,cpu_n,platform,forced_paths
solve,3,6,0.154,4,Darwin,0
solve,3,6,0.132,4,Darwin,0
solve,3,6,0.12,4,Darwin,0
solve,3,6,0.124,4,Darwin,0
solve,3,6,0.146,4,Darwin,0
solve,3,6,0.146,4,Darwin,0
solve,1,1,0.039,4,Darwin,0
solve,1,1,0.019,4,Darwin,0
solve,1,1,0.016,4,Darwin,0
solve,1,1,0.023,4,Darwin,0
solve,1,2,0.033,4,Darwin,0
solve,1,3,0.035,4,Darwin,0
solve,2,3,0.087,4,Darwin,0
solve,1,2,0.03,4,Darwin,0
solve,1,3,0.026,4,Darwin,0
solve,2,3,0.035,4,Darwin,0
solve,1,2,0.026,4,Darwin,0
solve,1,3,0.034,4,Darwin,0
solve,2,3,0.043,4,Darwin,0
solve,1,2,0.029,4,Darwin,0
solve,1,3,0.032,4,Darwin,0
solve,2,3,0.038,4,Darwin,0
solve,1,2,0.029,4,Darwin,0
solve,1,3,0.027,4,Darwin,0
solve,2,3,0.04,4,Darwin,0
solve,1,2,0.029,4,Darwin,0
solve,1,3,0.03,4,Darwin,0
solve,2,3,0.034,4,Darwin,0
solve,1,4,0.04,4,Darwin,0
solve,2,4,0.045,4,Darwin,0
solve,3,4,0.034,4,Darwin,0
solve,1,2,0.026,4,Darwin,0
solve,1,3,0.027,4,Darwin,0
solve,2,3,0.043,4,Darwin,0
solve,1,4,0.095,4,Darwin,0
solve,2,4,0.04,4,Darwin,0
solve,3,4,0.039,4,Darwin,0
solve,1,1,0.02,4,Darwin,0
solve,1,1,0.026,4,Darwin,0
solve,1,2,0.019,4,Darwin,0
solve,2,2,0.027,4,Darwin,0
solve,1,3,0.039,4,Darwin,0
solve,2,3,0.082,4,Darwin,0
solve,3,3,0.031,4,Darwin,0
solve,1,4,0.05,4,Darwin,0
solve,2,4,0.042,4,Darwin,0
solve,3,4,0.044,4,Darwin,0
solve,4,4,0.036,4,Darwin,0
solve,1,1,0.06,4,Darwin,0
solve,1,2,0.028,4,Darwin,0
solve,2,2,0.029,4,Darwin,0
solve,1,3,0.055,4,Darwin,0
solve,2,3,0.094,4,Darwin,0
solve,3,3,0.031,4,Darwin,0
solve,1,4,0.047,4,Darwin,0
solve,2,4,0.045,4,Darwin,0
solve,3,4,0.057,4,Darwin,0
solve,4,4,0.045,4,Darwin,0
solve,1,1,0.021,16,Windows,0
solve,1,2,0.007,16,Windows,0
solve,2,2,0.006,16,Windows,0
solve,1,3,0.012,16,Windows,0
solve,2,3,0.01,16,Windows,0
solve,3,3,0.008,16,Windows,0
solve,1,4,0.016,16,Windows,0
solve,2,4,0.016,16,Windows,0
solve,3,4,0.012,16,Windows,0
solve,4,4,0.012,16,Windows,0
solve,1,5,0.054,16,Windows,0
solve,2,5,0.026,16,Windows,0
solve,3,5,0.019,16,Windows,0
solve,4,5,0.017,16,Windows,0
solve,5,5,0.016,16,Windows,0
solve,1,6,0.047,16,Windows,0
solve,2,6,0.024,16,Windows,0
solve,3,6,0.025,16,Windows,0
solve,4,6,0.023,16,Windows,0
solve,5,6,0.022,16,Windows,0
solve,6,6,0.021,16,Windows,0
solve,1,7,0.049,16,Windows,0
solve,2,7,0.039,16,Windows,0
solve,3,7,0.038,16,Windows,0
solve,4,7,0.038,16,Windows,0
solve,5,7,0.028,16,Windows,0
solve,6,7,0.029,16,Windows,0
solve,7,7,0.027,16,Windows,0
solve,1,8,0.061,16,Windows,0
solve,2,8,0.065,16,Windows,0
solve,3,8,0.079,16,Windows,0
solve,4,8,0.049,16,Windows,0
solve,5,8,0.044,16,Windows,0
solve,6,8,0.036,16,Windows,0
solve,7,8,0.036,16,Windows,0
solve,8,8,0.034,16,Windows,0
solve,1,9,0.282,16,Windows,0
solve,2,9,0.185,16,Windows,0
solve,3,9,0.209,16,Windows,0
solve,4,9,0.223,16,Windows,0
solve,5,9,0.083,16,Windows,0
solve,6,9,0.057,16,Windows,0
solve,7,9,0.046,16,Windows,0
solve,8,9,0.044,16,Windows,0
solve,9,9,0.042,16,Windows,0
solve,1,1,0.007,16,Windows,0
solve,1,2,0.006,16,Windows,0
solve,2,2,0.006,16,Windows,0
solve,1,3,0.01,16,Windows,0
solve,2,3,0.01,16,Windows,0
solve,3,3,0.01,16,Windows,0
solve,1,4,0.017,16,Windows,0
solve,2,4,0.016,16,Windows,0
solve,3,4,0.012,16,Windows,0
solve,4,4,0.011,16,Windows,0
solve,1,5,0.028,16,Windows,0
solve,2,5,0.022,16,Windows,0
solve,3,5,0.019,16,Windows,0
solve,4,5,0.017,16,Windows,0
solve,5,5,0.016,16,Windows,0
solve,1,6,0.036,16,Windows,0
solve,2,6,0.039,16,Windows,0
solve,3,6,0.026,16,Windows,0
solve,4,6,0.024,16,Windows,0
solve,5,6,0.022,16,Windows,0
solve,6,6,0.021,16,Windows,0
solve,1,7,0.13,16,Windows,0
solve,2,7,0.175,16,Windows,0
solve,3,7,0.067,16,Windows,0
solve,4,7,0.048,16,Windows,0
solve,5,7,0.034,16,Windows,0
solve,6,7,0.028,16,Windows,0
solve,7,7,0.026,16,Windows,0
solve,1,8,0.162,16,Windows,0
solve,2,8,0.16,16,Windows,0
solve,3,8,0.231,16,Windows,0
solve,4,8,0.08,16,Windows,0
solve,5,8,0.04,16,Windows,0
solve,6,8,0.036,16,Windows,0
solve,7,8,0.035,16,Windows,0
solve,8,8,0.035,16,Windows,0
solve,1,9,0.154,16,Windows,0
solve,2,9,0.082,16,Windows,0
solve,3,9,0.085,16,Windows,0
solve,4,9,0.053,16,Windows,0
solve,5,9,0.057,16,Windows,0
solve,6,9,0.058,16,Windows,0
solve,7,9,0.046,16,Windows,0
solve,8,9,0.045,16,Windows,0
solve,9,9,0.042,16,Windows,0
solve,1,1,0.008,16,Windows,0
solve,1,2,0.007,16,Windows,0
solve,2,2,0.006,16,Windows,0
solve,1,3,0.01,16,Windows,0
solve,2,3,0.009,16,Windows,0
solve,3,3,0.009,16,Windows,0
solve,1,4,0.019,16,Windows,0
solve,2,4,0.015,16,Windows,0
solve,3,4,0.013,16,Windows,0
solve,4,4,0.011,16,Windows,0
solve,1,5,0.032,16,Windows,0
solve,2,5,0.026,16,Windows,0
solve,3,5,0.02,16,Windows,0
solve,4,5,0.017,16,Windows,0
solve,5,5,0.017,16,Windows,0
solve,1,6,0.104,16,Windows,0
solve,2,6,0.038,16,Windows,0
solve,3,6,0.036,16,Windows,0
solve,4,6,0.026,16,Windows,0
solve,5,6,0.022,16,Windows,0
solve,6,6,0.021,16,Windows,0
solve,1,7,0.051,16,Windows,0
solve,2,7,0.031,16,Windows,0
solve,3,7,0.04,16,Windows,0
solve,4,7,0.049,16,Windows,0
solve,5,7,0.031,16,Windows,0
solve,6,7,0.029,16,Windows,0
solve,7,7,0.03,16,Windows,0
solve,1,8,0.108,16,Windows,0
solve,2,8,0.07,16,Windows,0
solve,3,8,0.097,16,Windows,0
solve,4,8,0.036,16,Windows,0
solve,5,8,0.044,16,Windows,0
solve,6,8,0.039,16,Windows,0
solve,7,8,0.037,16,Windows,0
solve,8,8,0.035,16,Windows,0
solve,1,9,0.183,16,Windows,0
solve,2,9,0.063,16,Windows,0
solve,3,9,0.061,16,Windows,0
solve,4,9,0.064,16,Windows,0
solve,5,9,0.056,16,Windows,0
solve,6,9,0.052,16,Windows,0
solve,7,9,0.049,16,Windows,0
solve,8,9,0.045,16,Windows,0
solve,9,9,0.045,16,Windows,0
solve,1,10,0.454,16,Windows,0
solve,2,10,0.638,16,Windows,0
solve,3,10,0.278,16,Windows,0
solve,4,10,0.171,16,Windows,0
solve,5,10,0.057,16,Windows,0
solve,6,10,0.074,16,Windows,0
solve,7,10,0.058,16,Windows,0
solve,8,10,0.076,16,Windows,0
solve,9,10,0.054,16,Windows,0
solve,10,10,0.053,16,Windows,0
solve,1,11,0.862,16,Windows,0
solve,2,11,0.519,16,Windows,0
solve,3,11,0.466,16,Windows,0
solve,4,11,0.393,16,Windows,0
solve,5,11,0.442,16,Windows,0
solve,6,11,0.291,16,Windows,0
solve,7,11,0.097,16,Windows,0
solve,8,11,0.067,16,Windows,0
solve,9,11,0.071,16,Windows,0
solve,10,11,0.116,16,Windows,0
solve,11,11,0.068,16,Windows,0
solve,1,12,0.438,16,Windows,0
solve,2,12,0.389,16,Windows,0
solve,3,12,0.552,16,Windows,0
solve,4,12,0.343,16,Windows,0
solve,5,12,0.373,16,Windows,0
solve,6,12,0.137,16,Windows,0
solve,7,12,0.155,16,Windows,0
solve,8,12,0.101,16,Windows,0
solve,9,12,0.093,16,Windows,0
solve,10,12,0.085,16,Windows,0
solve,11,12,0.083,16,Windows,0
solve,12,12,0.078,16,Windows,0
solve,1,13,0.543,16,Windows,0
solve,2,13,0.514,16,Windows,0
solve,3,13,0.314,16,Windows,0
solve,4,13,0.229,16,Windows,0
solve,5,13,0.203,16,Windows,0
solve,6,13,0.214,16,Windows,0
solve,7,13,0.191,16,Windows,0
solve,8,13,0.225,16,Windows,0
solve,9,13,0.137,16,Windows,0
solve,10,13,0.14,16,Windows,0
solve,11,13,0.094,16,Windows,0
solve,12,13,0.093,16,Windows,0
solve,13,13,0.092,16,Windows,0
solve,1,14,0.672,16,Windows,0
solve,2,14,0.412,16,Windows,0
solve,3,14,0.368,16,Windows,0
solve,4,14,0.204,16,Windows,0
solve,5,14,0.159,16,Windows,0
solve,6,14,0.154,16,Windows,0
solve,7,14,0.126,16,Windows,0
solve,8,14,0.19,16,Windows,0
solve,9,14,0.116,16,Windows,0
solve,10,14,0.118,16,Windows,0
solve,11,14,0.108,16,Windows,0
solve,12,14,0.152,16,Windows,0
solve,13,14,0.107,16,Windows,0
solve,14,14,0.104,16,Windows,0
solve,1,15,14.985,16,Windows,0
solve,2,15,0.834,16,Windows,0
solve,3,15,0.228,16,Windows,0
solve,4,15,0.27,16,Windows,0
solve,5,15,0.226,16,Windows,0
solve,6,15,0.236,16,Windows,0
solve,7,15,0.189,16,Windows,0
solve,8,15,0.157,16,Windows,0
solve,9,15,0.162,16,Windows,0
solve,10,15,0.13,16,Windows,0
solve,11,15,0.135,16,Windows,0
solve,12,15,0.2,16,Windows,0
solve,13,15,0.114,16,Windows,0
solve,14,15,0.113,16,Windows,0
solve,15,15,0.109,16,Windows,0
solve,1,16,2.309,16,Windows,0
solve,2,16,2.035,16,Windows,0
solve,3,16,0.503,16,Windows,0
solve,4,16,0.796,16,Windows,0
solve,5,16,0.869,16,Windows,0
solve,6,16,0.427,16,Windows,0
solve,7,16,0.316,16,Windows,0
solve,8,16,0.409,16,Windows,0
solve,9,16,0.318,16,Windows,0
solve,10,16,0.237,16,Windows,0
solve,11,16,0.158,16,Windows,0
solve,12,16,0.163,16,Windows,0
solve,13,16,0.184,16,Windows,0
solve,14,16,0.142,16,Windows,0
solve,15,16,0.133,16,Windows,0
solve,16,16,0.13,16,Windows,0
solve,1,17,16.062,16,Windows,0
solve,2,17,5.908,16,Windows,0
solve,3,17,1.169,16,Windows,0
solve,4,17,0.937,16,Windows,0
solve,5,17,0.328,16,Windows,0
solve,6,17,0.323,16,Windows,0
solve,7,17,0.391,16,Windows,0
solve,8,17,0.327,16,Windows,0
solve,9,17,0.714,16,Windows,0
solve,10,17,0.699,16,Windows,0
solve,11,17,0.545,16,Windows,0
solve,12,17,0.378,16,Windows,0
solve,13,17,0.275,16,Windows,0
solve,14,17,0.178,16,Windows,0
solve,15,17,0.197,16,Windows,0
solve,16,17,0.15,16,Windows,0
solve,17,17,0.15,16,Windows,0
solve,1,18,0.457,16,Windows,0
solve,2,18,0.438,16,Windows,0
solve,3,18,0.304,16,Windows,0
solve,4,18,0.906,16,Windows,0
solve,5,18,0.565,16,Windows,0
solve,6,18,0.351,16,Windows,0
solve,7,18,0.333,16,Windows,0
solve,8,18,0.387,16,Windows,0
solve,9,18,0.397,16,Windows,0
solve,10,18,0.356,16,Windows,0
solve,11,18,0.328,16,Windows,0
solve,12,18,0.308,16,Windows,0
solve,13,18,0.203,16,Windows,0
solve,14,18,0.305,16,Windows,0
solve,15,18,0.216,16,Windows,0
solve,16,18,0.177,16,Windows,0
solve,17,18,0.213,16,Windows,0
solve,18,18,0.168,16,Windows,0
solve,1,19,6.591,16,Windows,0
solve,2,19,5.618,16,Windows,0
solve,3,19,6.254,16,Windows,0
solve,4,19,6.986,16,Windows,0
solve,5,19,4.514,16,Windows,0
solve,6,19,3.508,16,Windows,0
solve,7,19,2.53,16,Windows,0
solve,8,19,1.661,16,Windows,0
solve,9,19,0.965,16,Windows,0
solve,10,19,0.854,16,Windows,0
solve,11,19,0.644,16,Windows,0
solve,12,19,0.606,16,Windows,0
solve,13,19,0.773,16,Windows,0
solve,14,19,0.328,16,Windows,0
solve,15,19,0.213,16,Windows,0
solve,16,19,0.248,16,Windows,0
solve,17,19,0.197,16,Windows,0
solve,18,19,0.195,16,Windows,0
solve,19,19,0.236,16,Windows,0
solve,1,20,1.937,16,Windows,0
solve,2,20,0.525,16,Windows,0
solve,3,20,0.554,16,Windows,0
solve,4,20,1.298,16,Windows,0
solve,5,20,0.491,16,Windows,0
solve,6,20,0.463,16,Windows,0
solve,7,20,3.723,16,Windows,0
solve,8,20,0.753,16,Windows,0
solve,9,20,0.458,16,Windows,0
solve,10,20,0.788,16,Windows,0
solve,11,20,0.434,16,Windows,0
solve,12,20,0.484,16,Windows,0
solve,13,20,0.428,16,Windows,0
solve,14,20,0.286,16,Windows,0
solve,15,20,0.303,16,Windows,0
solve,16,20,0.27,16,Windows,0
solve,17,20,0.285,16,Windows,0
solve,18,20,0.225,16,Windows,0
solve,19,20,0.215,16,Windows,0
solve,20,20,0.252,16,Windows,0
solve,1,21,2.726,16,Windows,0
solve,2,21,2.794,16,Windows,0
solve,3,21,1.305,16,Windows,0
solve,4,21,1.009,16,Windows,0
solve,5,21,1.012,16,Windows,0
solve,6,21,1.118,16,Windows,0
solve,7,21,1.558,16,Windows,0
solve,8,21,1.074,16,Windows,0
solve,9,21,1.4,16,Windows,0
solve,10,21,1.066,16,Windows,0
solve,11,21,1.37,16,Windows,0
solve,12,21,0.769,16,Windows,0
solve,13,21,0.652,16,Windows,0
solve,14,21,0.628,16,Windows,0
solve,15,21,0.573,16,Windows,0
solve,16,21,0.587,16,Windows,0
solve,17,21,0.519,16,Windows,0
solve,18,21,0.311,16,Windows,0
solve,19,21,0.255,16,Windows,0
solve,20,21,0.291,16,Windows,0
solve,21,21,0.241,16,Windows,0
solve,1,22,3.274,16,Windows,0
solve,2,22,3.117,16,Windows,0
solve,3,22,2.992,16,Windows,0
solve,4,22,2.524,16,Windows,0
solve,5,22,3.493,16,Windows,0
solve,6,22,3.013,16,Windows,0
solve,7,22,4.026,16,Windows,0
solve,8,22,2.328,16,Windows,0
solve,9,22,1.027,16,Windows,0
solve,10,22,1.461,16,Windows,0
solve,11,22,0.706,16,Windows,0
solve,12,22,0.756,16,Windows,0
solve,13,22,0.588,16,Windows,0
solve,14,22,0.938,16,Windows,0
solve,15,22,0.771,16,Windows,0
solve,16,22,0.687,16,Windows,0
solve,17,22,0.773,16,Windows,0
solve,18,22,0.445,16,Windows,0
solve,19,22,0.491,16,Windows,0
solve,20,22,0.292,16,Windows,0
solve,21,22,0.27,16,Windows,0
solve,22,22,0.266,16,Windows,0
solve,1,23,23.568,16,Windows,0
solve,2,23,5.729,16,Windows,0
solve,3,23,1.414,16,Windows,0
solve,4,23,3.692,16,Windows,0
solve,5,23,4.221,16,Windows,0
solve,6,23,2.279,16,Windows,0
solve,7,23,1.139,16,Windows,0
solve,8,23,0.887,16,Windows,0
solve,9,23,0.851,16,Windows,0
solve,10,23,0.763,16,Windows,0
solve,11,23,0.719,16,Windows,0
solve,12,23,0.852,16,Windows,0
solve,13,23,0.868,16,Windows,0
solve,14,23,0.852,16,Windows,0
solve,15,23,0.621,16,Windows,0
solve,16,23,0.587,16,Windows,0
solve,17,23,0.471,16,Windows,0
solve,18,23,0.597,16,Windows,0
solve,19,23,0.486,16,Windows,0
solve,20,23,0.513,16,Windows,0
solve,21,23,0.317,16,Windows,0
solve,22,23,0.365,16,Windows,0
solve,23,23,0.312,16,Windows,0
solve,1,24,4.76,16,Windows,0
solve,2,24,9.752,16,Windows,0
solve,3,24,3.209,16,Windows,0
solve,4,24,3.923,16,Windows,0
solve,5,24,4.83,16,Windows,0
solve,6,24,1.113,16,Windows,0
solve,7,24,1.751,16,Windows,0
solve,8,24,0.888,16,Windows,0
solve,9,24,0.955,16,Windows,0
solve,10,24,0.789,16,Windows,0
solve,11,24,0.884,16,Windows,0
solve,12,24,0.927,16,Windows,0
solve,13,24,0.829,16,Windows,0
solve,14,24,0.626,16,Windows,0
solve,15,24,0.778,16,Windows,0
solve,16,24,0.616,16,Windows,0
solve,17,24,0.614,16,Windows,0
solve,18,24,0.625,16,Windows,0
solve,19,24,0.518,16,Windows,0
solve,20,24,0.522,16,Windows,0
solve,21,24,0.464,16,Windows,0
solve,22,24,0.361,16,Windows,0
solve,23,24,0.408,16,Windows,0
solve,24,24,0.359,16,Windows,0
solve,1,25,4.932,16,Windows,0
solve,2,25,5.818,16,Windows,0
solve,3,25,1.227,16,Windows,0
solve,4,25,1.397,16,Windows,0
solve,5,25,1.927,16,Windows,0
solve,6,25,2.037,16,Windows,0
solve,7,25,1.072,16,Windows,0
solve,8,25,0.782,16,Windows,0
solve,9,25,0.609,16,Windows,0
solve,10,25,0.621,16,Windows,0
solve,11,25,0.681,16,Windows,0
solve,12,25,0.626,16,Windows,0
solve,13,25,0.663,16,Windows,0
solve,14,25,0.645,16,Windows,0
solve,15,25,0.984,16,Windows,0
solve,16,25,0.851,16,Windows,0
solve,17,25,0.725,16,Windows,0
solve,18,25,0.664,16,Windows,0
solve,19,25,0.434,16,Windows,0
solve,20,25,0.419,16,Windows,0
solve,21,25,0.461,16,Windows,0
solve,22,25,0.399,16,Windows,0
solve,23,25,0.424,16,Windows,0
solve,24,25,0.429,16,Windows,0
solve,25,25,0.371,16,Windows,0
solve,1,26,23.212,16,Windows,0
solve,2,26,7.839,16,Windows,0
solve,3,26,8.319,16,Windows,0
solve,4,26,3.925,16,Windows,0
solve,5,26,2.359,16,Windows,0
solve,6,26,1.704,16,Windows,0
solve,7,26,0.983,16,Windows,0
solve,8,26,1.63,16,Windows,0
solve,9,26,2.233,16,Windows,0
solve,10,26,1.767,16,Windows,0
solve,11,26,2.38,16,Windows,0
solve,12,26,2.625,16,Windows,0
solve,13,26,1.321,16,Windows,0
solve,14,26,1.723,16,Windows,0
solve,15,26,0.773,16,Windows,0
solve,16,26,0.705,16,Windows,0
solve,17,26,0.784,16,Windows,0
solve,18,26,0.758,16,Windows,0
solve,19,26,0.737,16,Windows,0
solve,20,26,0.741,16,Windows,0
solve,21,26,0.744,16,Windows,0
solve,22,26,0.578,16,Windows,0
solve,23,26,0.504,16,Windows,0
solve,24,26,0.472,16,Windows,0
solve,25,26,0.429,16,Windows,0
solve,26,26,0.419,16,Windows,0
solve,1,27,1.277,16,Windows,0
solve,2,27,5.237,16,Windows,0
solve,3,27,1.582,16,Windows,0
solve,4,27,1.797,16,Windows,0
solve,5,27,1.612,16,Windows,0
solve,6,27,2.151,16,Windows,0
solve,7,27,1.548,16,Windows,0
solve,8,27,1.051,16,Windows,0
solve,9,27,0.928,16,Windows,0
solve,10,27,0.917,16,Windows,0
solve,11,27,0.769,16,Windows,0
solve,12,27,0.701,16,Windows,0
solve,13,27,0.624,16,Windows,0
solve,14,27,0.657,16,Windows,0
solve,15,27,0.577,16,Windows,0
solve,16,27,0.797,16,Windows,0
solve,17,27,0.636,16,Windows,0
solve,18,27,0.958,16,Windows,0
solve,19,27,0.652,16,Windows,0
solve,20,27,0.652,16,Windows,0
solve,21,27,0.664,16,Windows,0
solve,22,27,0.535,16,Windows,0
solve,23,27,0.486,16,Windows,0
solve,24,27,0.501,16,Windows,0
solve,25,27,0.508,16,Windows,0
solve,26,27,0.457,16,Windows,0
solve,27,27,0.443,16,Windows,0
solve,1,28,130.4,16,Windows,0
solve,2,28,66.058,16,Windows,0
solve,3,28,44.326,16,Windows,0
solve,4,28,41.418,16,Windows,0
solve,5,28,20.078,16,Windows,0
solve,6,28,13.236,16,Windows,0
solve,7,28,7.226,16,Windows,0
solve,8,28,9.399,16,Windows,0
solve,9,28,2.765,16,Windows,0
solve,10,28,4.471,16,Windows,0
solve,11,28,2.364,16,Windows,0
solve,12,28,3.9,16,Windows,0
solve,13,28,1.308,16,Windows,0
solve,14,28,1.079,16,Windows,0
solve,15,28,1.459,16,Windows,0
solve,16,28,0.978,16,Windows,0
solve,17,28,0.953,16,Windows,0
solve,18,28,1.104,16,Windows,0
solve,19,28,0.909,16,Windows,0
solve,20,28,0.862,16,Windows,0
solve,21,28,0.902,16,Windows,0
solve,22,28,0.779,16,Windows,0
solve,23,28,0.793,16,Windows,0
solve,24,28,0.839,16,Windows,0
solve,25,28,0.585,16,Windows,0
solve,26,28,0.502,16,Windows,0
solve,27,28,0.55,16,Windows,0
solve,28,28,0.543,16,Windows,0
solve,1,29,35.447,16,Windows,0
solve,2,29,12.797,16,Windows,0
solve,3,29,59.472,16,Windows,0
solve,4,29,41.137,16,Windows,0
solve,5,29,15.504,16,Windows,0
solve,6,29,8.012,16,Windows,0
solve,7,29,15.106,16,Windows,0
solve,8,29,4.448,16,Windows,0
solve,9,29,4.831,16,Windows,0
solve,10,29,7.14,16,Windows,0
solve,11,29,20.901,16,Windows,0
solve,12,29,7.137,16,Windows,0
solve,13,29,3.031,16,Windows,0
solve,14,29,3.297,16,Windows,0
solve,15,29,1.787,16,Windows,0
solve,16,29,1.965,16,Windows,0
solve,17,29,1.102,16,Windows,0
solve,18,29,0.995,16,Windows,0
solve,19,29,1.018,16,Windows,0
solve,20,29,1.119,16,Windows,0
solve,21,29,0.899,16,Windows,0
solve,22,29,0.763,16,Windows,0
solve,23,29,0.725,16,Windows,0
solve,24,29,0.649,16,Windows,0
solve,25,29,0.617,16,Windows,0
solve,26,29,0.585,16,Windows,0
solve,27,29,0.578,16,Windows,0
solve,28,29,0.607,16,Windows,0
solve,29,29,0.608,16,Windows,0
solve,1,1,0.019,16,Windows,0
solve,1,2,0.006,16,Windows,0
solve,2,2,0.006,16,Windows,0
solve,1,3,0.01,16,Windows,0
solve,2,3,0.009,16,Windows,0
solve,3,3,0.009,16,Windows,0
solve,1,4,0.015,16,Windows,0
solve,2,4,0.015,16,Windows,0
solve,3,4,0.013,16,Windows,0
solve,4,4,0.013,16,Windows,0
solve,1,5,0.033,16,Windows,0
solve,2,5,0.025,16,Windows,0
solve,3,5,0.019,16,Windows,0
solve,4,5,0.016,16,Windows,0
solve,5,5,0.015,16,Windows,0
solve,1,6,0.147,16,Windows,0
solve,2,6,0.049,16,Windows,0
solve,3,6,0.027,16,Windows,0
solve,4,6,0.022,16,Windows,0
solve,5,6,0.021,16,Windows,0
solve,6,6,0.02,16,Windows,0
solve,1,7,0.146,16,Windows,0
solve,2,7,0.04,16,Windows,0
solve,3,7,0.068,16,Windows,0
solve,4,7,0.032,16,Windows,0
solve,5,7,0.029,16,Windows,0
solve,6,7,0.027,16,Windows,0
solve,7,7,0.027,16,Windows,0
solve,1,8,0.061,16,Windows,0
solve,2,8,0.067,16,Windows,0
solve,3,8,0.068,16,Windows,0
solve,4,8,0.041,16,Windows,0
solve,5,8,0.037,16,Windows,0
solve,6,8,0.034,16,Windows,0
solve,7,8,0.035,16,Windows,0
solve,8,8,0.033,16,Windows,0
solve,1,9,0.089,16,Windows,0
solve,2,9,0.07,16,Windows,0
solve,3,9,0.084,16,Windows,0
solve,4,9,0.059,16,Windows,0
solve,5,9,0.055,16,Windows,0
solve,6,9,0.08,16,Windows,0
solve,7,9,0.044,16,Windows,0
solve,8,9,0.043,16,Windows,0
solve,9,9,0.042,16,Windows,0
solve,1,10,0.671,16,Windows,0
solve,2,10,0.175,16,Windows,0
solve,3,10,0.136,16,Windows,0
solve,4,10,0.121,16,Windows,0
solve,5,10,0.123,16,Windows,0
solve,6,10,0.117,16,Windows,0
solve,7,10,0.065,16,Windows,0
solve,8,10,0.053,16,Windows,0
solve,9,10,0.051,16,Windows,0
solve,10,10,0.048,16,Windows,0
solve,1,11,0.099,16,Windows,0
solve,2,11,0.148,16,Windows,0
solve,3,11,0.116,16,Windows,0
solve,4,11,0.119,16,Windows,0
solve,5,11,0.086,16,Windows,0
solve,6,11,0.069,16,Windows,0
solve,7,11,0.113,16,Windows,0
solve,8,11,0.079,16,Windows,0
solve,9,11,0.063,16,Windows,0
solve,10,11,0.099,16,Windows,0
solve,11,11,0.074,16,Windows,0
solve,1,12,1.033,16,Windows,0
solve,2,12,0.356,16,Windows,0
solve,3,12,0.164,16,Windows,0
solve,4,12,0.159,16,Windows,0
solve,5,12,0.144,16,Windows,0
solve,6,12,0.171,16,Windows,0
solve,7,12,0.176,16,Windows,0
solve,8,12,0.128,16,Windows,0
solve,9,12,0.098,16,Windows,0
solve,10,12,0.073,16,Windows,0
solve,11,12,0.072,16,Windows,0
solve,12,12,0.073,16,Windows,0
solve,1,13,0.715,16,Windows,0
solve,2,13,0.448,16,Windows,0
solve,3,13,0.296,16,Windows,0
solve,4,13,0.243,16,Windows,0
solve,5,13,0.23,16,Windows,0
solve,6,13,0.198,16,Windows,0
solve,7,13,0.191,16,Windows,0
solve,8,13,0.226,16,Windows,0
solve,9,13,0.169,16,Windows,0
solve,10,13,0.131,16,Windows,0
solve,11,13,0.086,16,Windows,0
solve,12,13,0.085,16,Windows,0
solve,13,13,0.08,16,Windows,0
solve,1,14,1.264,16,Windows,0
solve,2,14,0.602,16,Windows,0
solve,3,14,0.584,16,Windows,0
solve,4,14,0.185,16,Windows,0
solve,5,14,0.302,16,Windows,0
solve,6,14,0.16,16,Windows,0
solve,7,14,0.209,16,Windows,0
solve,8,14,0.205,16,Windows,0
solve,9,14,0.128,16,Windows,0
solve,10,14,0.128,16,Windows,0
solve,11,14,0.165,16,Windows,0
solve,12,14,0.137,16,Windows,0
solve,13,14,0.099,16,Windows,0
solve,14,14,0.097,16,Windows,0
solve,1,15,0.29,16,Windows,0
solve,2,15,0.406,16,Windows,0
solve,3,15,0.548,16,Windows,0
solve,4,15,0.283,16,Windows,0
solve,5,15,0.295,16,Windows,0
solve,6,15,0.232,16,Windows,0
solve,7,15,0.305,16,Windows,0
solve,8,15,0.207,16,Windows,0
solve,9,15,0.154,16,Windows,0
solve,10,15,0.197,16,Windows,0
solve,11,15,0.241,16,Windows,0
solve,12,15,0.225,16,Windows,0
solve,13,15,0.117,16,Windows,0
solve,14,15,0.118,16,Windows,0
solve,15,15,0.115,16,Windows,0
solve,1,16,0.694,16,Windows,0
solve,2,16,0.686,16,Windows,0
solve,3,16,0.786,16,Windows,0
solve,4,16,0.842,16,Windows,0
solve,5,16,0.385,16,Windows,0
solve,6,16,0.277,16,Windows,0
solve,7,16,0.234,16,Windows,0
solve,8,16,0.292,16,Windows,0
solve,9,16,0.312,16,Windows,0
solve,10,16,0.219,16,Windows,0
solve,11,16,0.243,16,Windows,0
solve,12,16,0.234,16,Windows,0
solve,13,16,0.263,16,Windows,0
solve,14,16,0.133,16,Windows,0
solve,15,16,0.131,16,Windows,0
solve,16,16,0.128,16,Windows,0
solve,1,17,4.675,16,Windows,0
solve,2,17,1.764,16,Windows,0
solve,3,17,1.462,16,Windows,0
solve,4,17,1.539,16,Windows,0
solve,5,17,1.387,16,Windows,0
solve,6,17,1.596,16,Windows,0
solve,7,17,1.101,16,Windows,0
solve,8,17,1.011,16,Windows,0
solve,9,17,0.827,16,Windows,0
solve,10,17,1.381,16,Windows,0
solve,11,17,0.283,16,Windows,0
solve,12,17,0.265,16,Windows,0
solve,13,17,0.191,16,Windows,0
solve,14,17,0.17,16,Windows,0
solve,15,17,0.195,16,Windows,0
solve,16,17,0.151,16,Windows,0
solve,17,17,0.147,16,Windows,0
solve,1,18,1.697,16,Windows,0
solve,2,18,7.773,16,Windows,0
solve,3,18,8.364,16,Windows,0
solve,4,18,23.688,16,Windows,0
solve,5,18,3.097,16,Windows,0
solve,6,18,0.514,16,Windows,0
solve,7,18,0.49,16,Windows,0
solve,8,18,0.501,16,Windows,0
solve,9,18,0.262,16,Windows,0
solve,10,18,0.283,16,Windows,0
solve,11,18,0.313,16,Windows,0
solve,12,18,0.27,16,Windows,0
solve,13,18,0.207,16,Windows,0
solve,14,18,0.351,16,Windows,0
solve,15,18,0.229,16,Windows,0
solve,16,18,0.192,16,Windows,0
solve,17,18,0.216,16,Windows,0
solve,18,18,0.178,16,Windows,0
solve,1,19,1.156,16,Windows,0
solve,2,19,0.365,16,Windows,0
solve,3,19,0.367,16,Windows,0
solve,4,19,0.523,16,Windows,0
solve,5,19,0.511,16,Windows,0
solve,6,19,0.469,16,Windows,0
solve,7,19,0.376,16,Windows,0
solve,8,19,0.663,16,Windows,0
solve,9,19,0.591,16,Windows,0
solve,10,19,0.621,16,Windows,0
solve,11,19,0.616,16,Windows,0
solve,12,19,0.623,16,Windows,0
solve,13,19,0.461,16,Windows,0
solve,14,19,0.321,16,Windows,0
solve,15,19,0.225,16,Windows,0
solve,16,19,0.29,16,Windows,0
solve,17,19,0.213,16,Windows,0
solve,18,19,0.2,16,Windows,0
solve,19,19,0.234,16,Windows,0
solve,1,20,33.967,16,Windows,0
solve,2,20,2.593,16,Windows,0
solve,3,20,1.942,16,Windows,0
solve,4,20,1.358,16,Windows,0
solve,5,20,1.2,16,Windows,0
solve,6,20,1.07,16,Windows,0
solve,7,20,1.888,16,Windows,0
solve,8,20,1.691,16,Windows,0
solve,9,20,1.421,16,Windows,0
solve,10,20,1.166,16,Windows,0
solve,11,20,0.361,16,Windows,0
solve,12,20,0.468,16,Windows,0
solve,13,20,0.329,16,Windows,0
solve,14,20,0.327,16,Windows,0
solve,15,20,0.324,16,Windows,0
solve,16,20,0.311,16,Windows,0
solve,17,20,0.458,16,Windows,0
solve,18,20,0.244,16,Windows,0
solve,19,20,0.24,16,Windows,0
solve,20,20,0.259,16,Windows,0
solve,1,21,3.64,16,Windows,0
solve,2,21,3.052,16,Windows,0
solve,3,21,0.881,16,Windows,0
solve,4,21,0.722,16,Windows,0
solve,5,21,0.865,16,Windows,0
solve,6,21,0.668,16,Windows,0
solve,7,21,0.375,16,Windows,0
solve,8,21,0.432,16,Windows,0
solve,9,21,0.495,16,Windows,0
solve,10,21,0.477,16,Windows,0
solve,11,21,0.6,16,Windows,0
solve,12,21,0.439,16,Windows,0
solve,13,21,0.581,16,Windows,0
solve,14,21,0.392,16,Windows,0
solve,15,21,0.422,16,Windows,0
solve,16,21,0.399,16,Windows,0
solve,17,21,0.404,16,Windows,0
solve,18,21,0.414,16,Windows,0
solve,19,21,0.255,16,Windows,0
solve,20,21,0.282,16,Windows,0
solve,21,21,0.238,16,Windows,0
solve,1,22,3.674,16,Windows,0
solve,2,22,1.975,16,Windows,0
solve,3,22,1.133,16,Windows,0
solve,4,22,1.13,16,Windows,0
solve,5,22,1.536,16,Windows,0
solve,6,22,0.611,16,Windows,0
solve,7,22,1.082,16,Windows,0
solve,8,22,0.969,16,Windows,0
solve,9,22,1.408,16,Windows,0
solve,10,22,0.784,16,Windows,0
solve,11,22,0.881,16,Windows,0
solve,12,22,0.678,16,Windows,0
solve,13,22,0.619,16,Windows,0
solve,14,22,0.37,16,Windows,0
solve,15,22,0.378,16,Windows,0
solve,16,22,0.365,16,Windows,0
solve,17,22,0.357,16,Windows,0
solve,18,22,0.316,16,Windows,0
solve,19,22,0.358,16,Windows,0
solve,20,22,0.284,16,Windows,0
solve,21,22,0.277,16,Windows,0
solve,22,22,0.269,16,Windows,0
solve,1,23,6.524,16,Windows,0
solve,2,23,1.008,16,Windows,0
solve,3,23,5.847,16,Windows,0
solve,4,23,1.757,16,Windows,0
solve,5,23,0.667,16,Windows,0
solve,6,23,0.568,16,Windows,0
solve,7,23,0.528,16,Windows,0
solve,8,23,0.821,16,Windows,0
solve,9,23,0.827,16,Windows,0
solve,10,23,0.641,16,Windows,0
solve,11,23,0.605,16,Windows,0
solve,12,23,0.814,16,Windows,0
solve,13,23,0.47,16,Windows,0
solve,14,23,0.547,16,Windows,0
solve,15,23,0.507,16,Windows,0
solve,16,23,0.465,16,Windows,0
solve,17,23,0.461,16,Windows,0
solve,18,23,0.442,16,Windows,0
solve,19,23,0.338,16,Windows,0
solve,20,23,0.383,16,Windows,0
solve,21,23,0.326,16,Windows,0
solve,22,23,0.361,16,Windows,0
solve,23,23,0.312,16,Windows,0
solve,1,24,2.821,16,Windows,0
solve,2,24,1.194,16,Windows,0
solve,3,24,1.385,16,Windows,0
solve,4,24,5.907,16,Windows,0
solve,5,24,0.887,16,Windows,0
solve,6,24,0.969,16,Windows,0
solve,7,24,0.762,16,Windows,0
solve,8,24,0.687,16,Windows,0
solve,9,24,0.847,16,Windows,0
solve,10,24,1.506,16,Windows,0
solve,11,24,1.322,16,Windows,0
solve,12,24,1.756,16,Windows,0
solve,13,24,0.518,16,Windows,0
solve,14,24,0.708,16,Windows,0
solve,15,24,0.67,16,Windows,0
solve,16,24,0.594,16,Windows,0
solve,17,24,0.482,16,Windows,0
solve,18,24,0.446,16,Windows,0
solve,19,24,0.378,16,Windows,0
solve,20,24,0.364,16,Windows,0
solve,21,24,0.406,16,Windows,0
solve,22,24,0.353,16,Windows,0
solve,23,24,0.393,16,Windows,0
solve,24,24,0.358,16,Windows,0
solve,1,25,105.186,16,Windows,0
solve,2,25,56.506,16,Windows,0
solve,3,25,86.272,16,Windows,0
solve,4,25,24.73,16,Windows,0
solve,5,25,52.853,16,Windows,0
solve,6,25,35.926,16,Windows,0
solve,7,25,63.205,16,Windows,0
solve,8,25,118.234,16,Windows,0
solve,9,25,7.951,16,Windows,0
solve,10,25,8.994,16,Windows,0
solve,11,25,4.86,16,Windows,0
solve,12,25,3.679,16,Windows,0
solve,13,25,3.943,16,Windows,0
solve,14,25,4.05,16,Windows,0
solve,15,25,2.543,16,Windows,0
solve,16,25,2.376,16,Windows,0
solve,17,25,1.878,16,Windows,0
solve,18,25,1.981,16,Windows,0
solve,19,25,1.934,16,Windows,0
solve,20,25,1.302,16,Windows,0
solve,21,25,1.133,16,Windows,0
solve,22,25,0.843,16,Windows,0
solve,23,25,0.91,16,Windows,0
solve,24,25,0.881,16,Windows,0
solve,25,25,0.797,16,Windows,0
solve,1,26,10.944,16,Windows,0
solve,2,26,18.514,16,Windows,0
solve,3,26,19.381,16,Windows,0
solve,4,26,32.998,16,Windows,0
solve,5,26,10.497,16,Windows,0
solve,6,26,27.265,16,Windows,0
solve,7,26,12.508,16,Windows,0
solve,8,26,2.162,16,Windows,0
solve,9,26,2.366,16,Windows,0
solve,10,26,2.159,16,Windows,0
solve,11,26,1.916,16,Windows,0
solve,12,26,1.599,16,Windows,0
solve,13,26,1.787,16,Windows,0
solve,14,26,1.574,16,Windows,0
solve,15,26,1.823,16,Windows,0
solve,16,26,2.191,16,Windows,0
solve,17,26,1.578,16,Windows,0
solve,18,26,1.641,16,Windows,0
solve,19,26,0.614,16,Windows,0
solve,20,26,0.699,16,Windows,0
solve,21,26,0.644,16,Windows,0
solve,22,26,0.523,16,Windows,0
solve,23,26,0.451,16,Windows,0
solve,24,26,0.476,16,Windows,0
solve,25,26,0.424,16,Windows,0
solve,26,26,0.412,16,Windows,0
solve,1,27,151.381,16,Windows,0
solve,2,27,221.214,16,Windows,0
solve,3,27,117.549,16,Windows,0
solve,4,27,106.87,16,Windows,0
solve,5,27,92.106,16,Windows,0
solve,5,24,1.079,16,Windows,0
solve,1,24,4.993,16,Windows,0
solve,2,24,2.086,16,Windows,0
solve,3,24,1.087,16,Windows,0
solve,4,24,0.847,16,Windows,0
solve,5,24,1.088,16,Windows,0
solve,6,24,0.518,16,Windows,0
solve,7,24,0.749,16,Windows,0
solve,8,24,0.781,16,Windows,0
solve,9,24,0.491,16,Windows,0
solve,10,24,0.75,16,Windows,0
solve,11,24,0.692,16,Windows,0
solve,12,24,0.907,16,Windows,0
solve,13,24,0.675,16,Windows,0
solve,14,24,0.773,16,Windows,0
solve,15,24,0.669,16,Windows,0
solve,16,24,0.611,16,Windows,0
solve,17,24,0.449,16,Windows,0
solve,18,24,0.602,16,Windows,0
solve,19,24,0.423,16,Windows,0
solve,20,24,0.437,16,Windows,0
solve,21,24,0.483,16,Windows,0
solve,22,24,0.412,16,Windows,0
solve,23,24,0.417,16,Windows,0
solve,24,24,0.441,16,Windows,0
solve,1,24,5.095,16,Windows,0
solve,2,24,2.076,16,Windows,0
solve,3,24,1.092,16,Windows,0
solve,4,24,0.862,16,Windows,0
solve,1,24,5.551,16,Windows,0
solve,2,24,2.213,16,Windows,0
solve,3,24,1.116,16,Windows,0
solve,4,24,0.867,16,Windows,0
solve,1,24,5.728,16,Windows,0
solve,2,24,2.197,16,Windows,0
solve,3,24,1.192,16,Windows,0
solve,4,24,0.91,16,Windows,0
solve,1,24,5.333,16,Windows,0
solve,2,24,2.167,16,Windows,0
solve,3,24,1.178,16,Windows,0
solve,4,24,0.931,16,Windows,0
solve,5,24,1.154,16,Windows,0
solve,1,24,5.602,16,Windows,0
solve,2,24,2.237,16,Windows,0
solve,3,24,1.207,16,Windows,0
solve,4,24,0.959,16,Windows,0
solve,5,24,1.221,16,Windows,0
solve,1,24,5.036,16,Windows,0
solve,2,24,2.073,16,Windows,0
solve,3,24,1.101,16,Windows,0
solve,4,24,0.857,16,Windows,0
solve,5,24,1.097,16,Windows,0
solve,6,24,0.516,16,Windows,0
solve,7,24,0.758,16,Windows,0
solve,8,24,0.78,16,Windows,0
solve,9,24,0.492,16,Windows,0
solve,10,24,0.746,16,Windows,0
solve,11,24,0.709,16,Windows,0
solve,12,24,0.915,16,Windows,0
solve,13,24,0.674,16,Windows,0
solve,14,24,0.782,16,Windows,0
solve,15,24,0.674,16,Windows,0
solve,16,24,0.621,16,Windows,0
solve,17,24,0.457,16,Windows,0
solve,18,24,0.597,16,Windows,0
solve,19,24,0.388,16,Windows,0
solve,20,24,0.375,16,Windows,0
solve,5,39,9.692,16,Windows,0
solve,10,49,7.917,16,Windows,0
solve,1,29,46.763,16,Windows,0
solve,2,29,35.525,16,Windows,0
solve,3,29,1.037,16,Windows,0
solve,4,29,7.513,16,Windows,0
solve,5,29,7.327,16,Windows,0
solve,6,29,4.539,16,Windows,0
solve,7,29,13.445,16,Windows,0
solve,8,29,1.299,16,Windows,0
solve,9,29,3.178,16,Windows,0
solve,10,29,2.068,16,Windows,0
solve,11,29,2.172,16,Windows,0
solve,12,29,1.781,16,Windows,0
solve,13,29,1.193,16,Windows,0
solve,14,29,1.273,16,Windows,0
solve,15,29,0.781,16,Windows,0
solve,16,29,1.24,16,Windows,0
solve,17,29,0.891,16,Windows,0
solve,18,29,0.962,16,Windows,0
solve,19,29,0.846,16,Windows,0
solve,20,29,0.974,16,Windows,0
solve,21,29,1.199,16,Windows,0
solve,22,29,0.803,16,Windows,0
solve,23,29,0.969,16,Windows,0
solve,24,29,0.884,16,Windows,0
solve,25,29,0.738,16,Windows,0
solve,26,29,0.632,16,Windows,0
solve,27,29,0.596,16,Windows,0
solve,28,29,0.599,16,Windows,0
solve,29,29,0.592,16,Windows,0
solve,1,30,6.01,16,Windows,0
solve,2,30,13.847,16,Windows,0
solve,3,30,11.076,16,Windows,0
solve,4,30,71.201,16,Windows,0
solve,5,30,6.818,16,Windows,0
solve,6,30,3.172,16,Windows,0
solve,7,30,8.929,16,Windows,0
solve,8,30,4.099,16,Windows,0
solve,9,30,15.272,16,Windows,0
solve,10,30,10.875,16,Windows,0
solve,11,30,20.418,16,Windows,0
solve,12,30,1.535,16,Windows,0
solve,13,30,2.076,16,Windows,0
solve,14,30,2.259,16,Windows,0
solve,15,30,4.151,16,Windows,0
solve,16,30,1.263,16,Windows,0
solve,17,30,0.74,16,Windows,0
solve,18,30,0.795,16,Windows,0
solve,19,30,0.808,16,Windows,0
solve,20,30,1.029,16,Windows,0
solve,21,30,1.056,16,Windows,0
solve,22,30,1.134,16,Windows,0
solve,23,30,1.03,16,Windows,0
solve,24,30,0.883,16,Windows,0
solve,25,30,0.933,16,Windows,0
solve,26,30,0.726,16,Windows,0
solve,27,30,0.685,16,Windows,0
solve,28,30,0.702,16,Windows,0
solve,29,30,0.651,16,Windows,0
solve,30,30,0.676,16,Windows,0
solve,1,31,13.819,16,Windows,0
solve,2,31,456.89,16,Windows,0
solve,3,31,14.776,16,Windows,0
solve,4,31,41.279,16,Windows,0
solve,5,31,1.524,16,Windows,0
solve,6,31,7.786,16,Windows,0
solve,7,31,40.212,16,Windows,0
solve,8,31,1.839,16,Windows,0
solve,9,31,4.061,16,Windows,0
solve,10,31,1.094,16,Windows,0
solve,11,31,1.754,16,Windows,0
solve,12,31,1.714,16,Windows,0
solve,13,31,1.889,16,Windows,0
solve,14,31,1.433,16,Windows,0
solve,15,31,1.911,16,Windows,0
solve,16,31,1.659,16,Windows,0
solve,17,31,0.848,16,Windows,0
solve,18,31,0.992,16,Windows,0
solve,19,31,0.946,16,Windows,0
solve,20,31,1.227,16,Windows,0
solve,21,31,1.068,16,Windows,0
solve,22,31,1.355,16,Windows,0
solve,23,31,0.812,16,Windows,0
solve,24,31,1.009,16,Windows,0
solve,25,31,0.853,16,Windows,0
solve,26,31,0.935,16,Windows,0
solve,27,31,0.763,16,Windows,0
solve,28,31,0.778,16,Windows,0
solve,29,31,0.714,16,Windows,0
solve,30,31,0.699,16,Windows,0
solve,31,31,0.692,16,Windows,0
solve,1,32,194.132,16,Windows,0
solve,2,32,44.272,16,Windows,0
solve,3,32,6.763,16,Windows,0
solve,4,32,2.106,16,Windows,0
solve,5,32,15.699,16,Windows,0
solve,6,32,7.47,16,Windows,0
solve,7,32,53.058,16,Windows,0
solve,8,32,3.803,16,Windows,0
solve,9,32,1.239,16,Windows,0
solve,10,32,4.362,16,Windows,0
solve,11,32,2.596,16,Windows,0
solve,12,32,1.352,16,Windows,0
solve,13,32,3.504,16,Windows,0
solve,14,32,1.212,16,Windows,0
solve,15,32,1.173,16,Windows,0
solve,16,32,1.226,16,Windows,0
solve,17,32,1.424,16,Windows,0
solve,18,32,1.437,16,Windows,0
solve,19,32,1.483,16,Windows,0
solve,20,32,1.17,16,Windows,0
solve,21,32,1.261,16,Windows,0
solve,22,32,1.01,16,Windows,0
solve,23,32,2.769,16,Windows,0
solve,24,32,1.484,16,Windows,0
solve,25,32,0.904,16,Windows,0
solve,26,32,1.095,16,Windows,0
solve,27,32,1.047,16,Windows,0
solve,28,32,1.066,16,Windows,0
solve,29,32,0.981,16,Windows,0
solve,30,32,0.782,16,Windows,0
solve,31,32,0.738,16,Windows,0
solve,32,32,0.799,16,Windows,0
solve,1,33,333.201,16,Windows,0
solve,2,33,28.656,16,Windows,0
solve,3,33,37.428,16,Windows,0
solve,4,33,18.368,16,Windows,0
solve,5,33,6.444,16,Windows,0
solve,6,33,9.865,16,Windows,0
solve,7,33,8.295,16,Windows,0
solve,8,33,10.88,16,Windows,0
solve,9,33,9.505,16,Windows,0
solve,10,33,14.978,16,Windows,0
solve,11,33,14.662,16,Windows,0
solve,12,33,3.805,16,Windows,0
solve,13,33,6.509,16,Windows,0
solve,14,33,3.108,16,Windows,0
solve,15,33,2.838,16,Windows,0
solve,16,33,2.715,16,Windows,0
solve,17,33,3.072,16,Windows,0
solve,18,33,1.641,16,Windows,0
solve,19,33,1.262,16,Windows,0
solve,20,33,1.414,16,Windows,0
solve,21,33,1.227,16,Windows,0
solve,22,33,0.967,16,Windows,0
solve,23,33,1.032,16,Windows,0
solve,24,33,1.357,16,Windows,0
solve,25,33,1.203,16,Windows,0
solve,26,33,1.325,16,Windows,0
solve,27,33,1.031,16,Windows,0
solve,28,33,1.095,16,Windows,0
solve,29,33,1.161,16,Windows,0
solve,30,33,0.882,16,Windows,0
solve,31,33,0.896,16,Windows,0
solve,32,33,0.865,16,Windows,0
solve,33,33,0.841,16,Windows,0
solve,1,34,27.013,16,Windows,0
solve,2,34,3.397,16,Windows,0
solve,3,34,151.179,16,Windows,0
solve,4,34,12.187,16,Windows,0
solve,5,34,1.843,16,Windows,0
solve,6,34,6.078,16,Windows,0
solve,7,34,866.915,16,Windows,0
solve,8,34,2.305,16,Windows,0
solve,9,34,19.916,16,Windows,0
solve,10,34,6.544,16,Windows,0
solve,11,34,2.187,16,Windows,0
solve,12,34,6.272,16,Windows,0
solve,13,34,1.842,16,Windows,0
solve,14,34,1.993,16,Windows,0
solve,15,34,8.61,16,Windows,0
solve,16,34,3.743,16,Windows,0
solve,17,34,2.829,16,Windows,0
solve,18,34,2.298,16,Windows,0
solve,19,34,2.006,16,Windows,0
solve,20,34,1.93,16,Windows,0
solve,21,34,2.342,16,Windows,0
solve,22,34,1.238,16,Windows,0
solve,23,34,1.967,16,Windows,0
solve,24,34,1.546,16,Windows,0
solve,25,34,1.466,16,Windows,0
solve,26,34,1.105,16,Windows,0
solve,27,34,1.163,16,Windows,0
solve,28,34,1.26,16,Windows,0
solve,29,34,1.145,16,Windows,0
solve,30,34,1.139,16,Windows,0
solve,31,34,1.21,16,Windows,0
solve,32,34,0.965,16,Windows,0
solve,33,34,0.988,16,Windows,0
solve,34,34,0.958,16,Windows,0
solve,1,35,183.531,16,Windows,0
solve,2,35,1552.713,16,Windows,0
solve,3,35,80.928,16,Windows,0
solve,4,35,9.138,16,Windows,0
solve,5,35,46.648,16,Windows,0
solve,6,35,45.76,16,Windows,0
solve,7,35,25.224,16,Windows,0
solve,8,35,5.112,16,Windows,0
solve,9,35,4.909,16,Windows,0
solve,10,35,12.818,16,Windows,0
solve,11,35,2.605,16,Windows,0
solve,12,35,6.223,16,Windows,0
solve,13,35,12.762,16,Windows,0
solve,14,35,3.667,16,Windows,0
solve,15,35,4.993,16,Windows,0
solve,16,35,3.222,16,Windows,0
solve,17,35,17.821,16,Windows,0
solve,18,35,4.932,16,Windows,0
solve,19,35,9.082,16,Windows,0
solve,20,35,2.833,16,Windows,0
solve,21,35,1.613,16,Windows,0
solve,22,35,1.454,16,Windows,0
solve,23,35,1.952,16,Windows,0
solve,24,35,1.648,16,Windows,0
solve,25,35,1.75,16,Windows,0
solve,26,35,1.689,16,Windows,0
solve,27,35,1.425,16,Windows,0
solve,28,35,1.433,16,Windows,0
solve,29,35,1.239,16,Windows,0
solve,30,35,1.215,16,Windows,0
solve,31,35,1.339,16,Windows,0
solve,32,35,1.287,16,Windows,0
solve,33,35,1.043,16,Windows,0
solve,34,35,1.075,16,Windows,0
solve,35,35,1.011,16,Windows,0
solve,1,36,1182.449,16,Windows,0
solve,2,36,223.68,16,Windows,0
solve,3,36,9.402,16,Windows,0
solve,4,36,228.217,16,Windows,0
solve,5,36,23.609,16,Windows,0
solve,6,36,40.117,16,Windows,0
solve,7,36,73.654,16,Windows,0
solve,8,36,6.031,16,Windows,0
solve,9,36,20.776,16,Windows,0
solve,10,36,6.527,16,Windows,0
solve,11,36,5.971,16,Windows,0
solve,12,36,3.54,16,Windows,0
solve,13,36,8.158,16,Windows,0
solve,14,36,56.497,16,Windows,0
solve,15,36,8.219,16,Windows,0
solve,16,36,5.937,16,Windows,0
solve,17,36,4.403,16,Windows,0
solve,18,36,1.959,16,Windows,0
solve,19,36,2.812,16,Windows,0
solve,20,36,1.696,16,Windows,0
solve,21,36,2.521,16,Windows,0
solve,22,36,2.443,16,Windows,0
solve,23,36,1.638,16,Windows,0
solve,24,36,1.498,16,Windows,0
solve,25,36,1.684,16,Windows,0
solve,26,36,1.83,16,Windows,0
solve,27,36,1.557,16,Windows,0
solve,28,36,1.545,16,Windows,0
solve,29,36,1.384,16,Windows,0
solve,30,36,1.314,16,Windows,0
solve,31,36,1.219,16,Windows,0
solve,32,36,1.223,16,Windows,0
solve,33,36,1.136,16,Windows,0
solve,34,36,1.136,16,Windows,0
solve,35,36,1.146,16,Windows,0
solve,36,36,1.097,16,Windows,0
solve,1,37,99.82,16,Windows,0
solve,2,37,38.826,16,Windows,0
solve,3,37,161.892,16,Windows,0
solve,4,37,7.198,16,Windows,0
solve,5,37,11.152,16,Windows,0
solve,6,37,2.15,16,Windows,0
solve,7,37,31.757,16,Windows,0
solve,8,37,119.894,16,Windows,0
solve,9,37,1.896,16,Windows,0
solve,10,37,6.429,16,Windows,0
solve,11,37,22.224,16,Windows,0
solve,12,37,7.929,16,Windows,0
solve,13,37,2.541,16,Windows,0
solve,14,37,10.928,16,Windows,0
solve,15,37,26.273,16,Windows,0
solve,16,37,2.598,16,Windows,0
solve,17,37,3.53,16,Windows,0
solve,18,37,6.808,16,Windows,0
solve,19,37,54.31,16,Windows,0
solve,20,37,1.636,16,Windows,0
solve,21,37,2.347,16,Windows,0
solve,22,37,1.574,16,Windows,0
solve,23,37,2.78,16,Windows,0
solve,24,37,1.84,16,Windows,0
solve,25,37,3.86,16,Windows,0
solve,26,37,8.294,16,Windows,0
solve,27,37,1.491,16,Windows,0
solve,28,37,1.724,16,Windows,0
solve,29,37,1.569,16,Windows,0
solve,30,37,1.579,16,Windows,0
solve,31,37,1.546,16,Windows,0
solve,32,37,1.505,16,Windows,0
solve,33,37,1.238,16,Windows,0
solve,34,37,1.37,16,Windows,0
solve,35,37,1.225,16,Windows,0
solve,36,37,1.268,16,Windows,0
solve,37,37,1.225,16,Windows,0
solve,1,38,161.5,16,Windows,0
solve,2,38,8.909,16,Windows,0
solve,3,38,51.743,16,Windows,0
solve,4,38,30.566,16,Windows,0
solve,5,38,27.153,16,Windows,0
solve,6,38,2.336,16,Windows,0
solve,7,38,45.562,16,Windows,0
solve,8,38,21.261,16,Windows,0
solve,9,38,230.303,16,Windows,0
solve,10,38,22.643,16,Windows,0
solve,11,38,18.634,16,Windows,0
solve,12,38,3.057,16,Windows,0
solve,13,38,7.53,16,Windows,0
solve,14,38,4.022,16,Windows,0
solve,15,38,6.4,16,Windows,0
solve,16,38,5.992,16,Windows,0
solve,17,38,3.624,16,Windows,0
solve,18,38,3.757,16,Windows,0
solve,19,38,2.842,16,Windows,0
solve,20,38,4.479,16,Windows,0
solve,21,38,2.624,16,Windows,0
solve,22,38,5.554,16,Windows,0
solve,23,38,3.694,16,Windows,0
solve,24,38,3.587,16,Windows,0
solve,25,38,4.747,16,Windows,0
solve,26,38,1.946,16,Windows,0
solve,27,38,2.024,16,Windows,0
solve,28,38,1.568,16,Windows,0
solve,29,38,1.804,16,Windows,0
solve,30,38,1.811,16,Windows,0
solve,31,38,1.679,16,Windows,0
solve,32,38,2.004,16,Windows,0
solve,33,38,1.612,16,Windows,0
solve,34,38,1.339,16,Windows,0
solve,35,38,1.368,16,Windows,0
solve,36,38,1.339,16,Windows,0
solve,37,38,1.354,16,Windows,0
solve,38,38,1.437,16,Windows,0
solve,1,39,21.556,16,Windows,0
solve,2,39,26.713,16,Windows,0
solve,3,39,56.834,16,Windows,0
solve,4,39,6.338,16,Windows,0
solve,5,39,21.066,16,Windows,0
solve,6,39,25.41,16,Windows,0
solve,7,39,51.185,16,Windows,0
solve,8,39,15.784,16,Windows,0
solve,9,39,21.629,16,Windows,0
solve,10,39,12.175,16,Windows,0
solve,11,39,5.75,16,Windows,0
solve,12,39,12.799,16,Windows,0
solve,13,39,20.8,16,Windows,0
solve,14,39,6.417,16,Windows,0
solve,15,39,4.52,16,Windows,0
solve,16,39,3.623,16,Windows,0
solve,17,39,1.981,16,Windows,0
solve,18,39,11.154,16,Windows,0
solve,19,39,3.046,16,Windows,0
solve,20,39,3.16,16,Windows,0
solve,21,39,2.616,16,Windows,0
solve,22,39,2.866,16,Windows,0
solve,23,39,2.895,16,Windows,0
solve,24,39,1.963,16,Windows,0
solve,25,39,5.201,16,Windows,0
solve,26,39,1.862,16,Windows,0
solve,27,39,2.501,16,Windows,0
solve,28,39,2.129,16,Windows,0
solve,29,39,1.975,16,Windows,0
solve,30,39,1.897,16,Windows,0
solve,31,39,1.923,16,Windows,0
solve,32,39,1.63,16,Windows,0
solve,33,39,1.532,16,Windows,0
solve,34,39,1.614,16,Windows,0
solve,35,39,1.835,16,Windows,0
solve,36,39,1.462,16,Windows,0
solve,37,39,1.492,16,Windows,0
solve,38,39,1.402,16,Windows,0
solve,39,39,1.413,16,Windows,0
solve,1,29,12.73,16,Windows,0
solve,2,29,21.768,16,Windows,0
solve,3,29,186.379,16,Windows,0
solve,4,29,5.362,16,Windows,0
solve,5,29,14.828,16,Windows,0
solve,6,29,3.258,16,Windows,0
solve,7,29,5.727,16,Windows,0
solve,8,29,2.692,16,Windows,0
solve,9,29,2.083,16,Windows,0
solve,10,29,16.365,16,Windows,0
solve,11,29,1.922,16,Windows,0
solve,12,29,1.774,16,Windows,0
solve,13,29,3.784,16,Windows,0
solve,14,29,1.604,16,Windows,0
solve,15,29,1.445,16,Windows,0
solve,16,29,1.062,16,Windows,0
solve,17,29,1.115,16,Windows,0
solve,18,29,1.658,16,Windows,0
solve,19,29,0.855,16,Windows,0
solve,20,29,1.162,16,Windows,0
solve,21,29,0.908,16,Windows,0
solve,22,29,0.95,16,Windows,0
solve,23,29,0.818,16,Windows,0
solve,24,29,0.751,16,Windows,0
solve,25,29,0.634,16,Windows,0
solve,26,29,0.619,16,Windows,0
solve,27,29,0.615,16,Windows,0
solve,28,29,0.625,16,Windows,0
solve,29,29,0.644,16,Windows,0
solve,1,30,64.155,16,Windows,0
solve,2,30,6.327,16,Windows,0
solve,1,24,5.186,16,Windows,0
solve,2,24,2.106,16,Windows,0
solve,3,24,1.087,16,Windows,0
solve,4,24,0.88,16,Windows,0
solve,5,24,1.042,16,Windows,0
solve,6,24,0.498,16,Windows,0
solve,7,24,0.745,16,Windows,0
solve,8,24,0.761,16,Windows,0
solve,9,24,0.474,16,Windows,0
solve,10,24,0.732,16,Windows,0
solve,11,24,0.71,16,Windows,0
solve,12,24,0.907,16,Windows,0
solve,13,24,0.672,16,Windows,0
solve,14,24,0.78,16,Windows,0
solve,15,24,0.648,16,Windows,0
solve,16,24,0.587,16,Windows,0
solve,17,24,0.439,16,Windows,0
solve,18,24,0.555,16,Windows,0
solve,1,24,4.912,16,Windows,0
solve,2,24,2.038,16,Windows,0
solve,3,24,1.061,16,Windows,0
solve,4,24,0.835,16,Windows,0
solve,5,24,1.035,16,Windows,0
solve,6,24,0.496,16,Windows,0
solve,7,24,0.736,16,Windows,0
solve,8,24,0.75,16,Windows,0
solve,9,24,0.471,16,Windows,0
solve,10,24,0.715,16,Windows,0
solve,11,24,0.667,16,Windows,0
solve,12,24,0.864,16,Windows,0
solve,13,24,0.64,16,Windows,0
solve,14,24,0.734,16,Windows,0
solve,15,24,0.639,16,Windows,0
solve,16,24,0.529,16,Windows,0
solve,17,24,0.432,16,Windows,0
solve,18,24,0.561,16,Windows,0
solve,1,24,4.996,16,Windows,0
solve,2,24,2.143,16,Windows,0
solve,3,24,1.092,16,Windows,0
solve,4,24,0.891,16,Windows,0
solve,5,24,1.125,16,Windows,0
solve,6,24,0.51,16,Windows,0
solve,7,24,0.812,16,Windows,0
solve,8,24,0.768,16,Windows,0
solve,9,24,0.474,16,Windows,0
solve,10,24,0.741,16,Windows,0
solve,11,24,0.694,16,Windows,0
solve,12,24,0.92,16,Windows,0
solve,13,24,0.687,16,Windows,0
solve,14,24,0.779,16,Windows,0
solve,15,24,0.666,16,Windows,0
solve,16,24,0.54,16,Windows,0
solve,17,24,0.44,16,Windows,0
solve,18,24,0.574,16,Windows,0
solve,1,24,4.86,16,Windows,0
solve,2,24,1.978,16,Windows,0
solve,3,24,1.049,16,Windows,0
solve,4,24,0.822,16,Windows,0
solve,5,24,1.072,16,Windows,0
solve,6,24,0.495,16,Windows,0
solve,7,24,0.718,16,Windows,0
solve,8,24,0.757,16,Windows,0
solve,9,24,0.475,16,Windows,0
solve,10,24,0.724,16,Windows,0
solve,11,24,0.682,16,Windows,0
solve,12,24,0.876,16,Windows,0
solve,13,24,0.646,16,Windows,0
solve,14,24,0.745,16,Windows,0
solve,15,24,0.646,16,Windows,0
solve,16,24,0.541,16,Windows,0
solve,17,24,0.428,16,Windows,0
solve,18,24,0.563,16,Windows,0
solve,1,24,4.992,16,Windows,0
solve,2,24,1.962,16,Windows,0
solve,3,24,1.046,16,Windows,0
solve,4,24,0.85,16,Windows,0
solve,5,24,1.04,16,Windows,0
solve,6,24,0.493,16,Windows,0
solve,7,24,0.722,16,Windows,0
solve,8,24,0.76,16,Windows,0
solve,9,24,0.465,16,Windows,0
solve,10,24,0.728,16,Windows,0
solve,11,24,0.673,16,Windows,0
solve,12,24,0.872,16,Windows,0
solve,13,24,0.675,16,Windows,0
solve,14,24,0.759,16,Windows,0
solve,15,24,0.649,16,Windows,0
solve,16,24,0.572,16,Windows,0
solve,17,24,0.45,16,Windows,0
solve,18,24,0.596,16,Windows,0
solve,1,24,4.935,16,Windows,0
solve,2,24,1.983,16,Windows,0
solve,3,24,1.102,16,Windows,0
solve,4,24,0.819,16,Windows,0
solve,5,24,1.073,16,Windows,0
solve,6,24,0.483,16,Windows,0
solve,7,24,0.703,16,Windows,0
solve,8,24,0.741,16,Windows,0
solve,9,24,0.457,16,Windows,0
solve,10,24,0.727,16,Windows,0
solve,11,24,0.658,16,Windows,0
solve,12,24,0.852,16,Windows,0
solve,13,24,0.702,16,Windows,0
solve,14,24,0.823,16,Windows,0
solve,15,24,0.672,16,Windows,0
solve,16,24,0.635,16,Windows,0
solve,17,24,0.48,16,Windows,0
solve,18,24,0.607,16,Windows,0
solve,1,24,4.896,16,Windows,0
solve,2,24,1.97,16,Windows,0
solve,3,24,1.048,16,Windows,0
solve,4,24,0.825,16,Windows,0
solve,5,24,1.071,16,Windows,0
solve,6,24,0.491,16,Windows,0
solve,7,24,0.715,16,Windows,0
solve,8,24,0.778,16,Windows,0
solve,9,24,0.477,16,Windows,0
solve,10,24,0.707,16,Windows,0
solve,11,24,0.66,16,Windows,0
solve,12,24,0.898,16,Windows,0
solve,13,24,0.646,16,Windows,0
solve,14,24,0.728,16,Windows,0
solve,15,24,0.64,16,Windows,0
solve,16,24,0.543,16,Windows,0
solve,17,24,0.433,16,Windows,0
solve,18,24,0.565,16,Windows,0
solve,1,24,5.295,16,Windows,0
solve,2,24,2.174,16,Windows,0
solve,3,24,1.124,16,Windows,0
solve,4,24,0.85,16,Windows,0
solve,5,24,1.072,16,Windows,0
solve,6,24,0.498,16,Windows,0
solve,7,24,0.723,16,Windows,0
solve,8,24,0.771,16,Windows,0
solve,9,24,0.469,16,Windows,0
solve,10,24,0.743,16,Windows,0
solve,11,24,0.673,16,Windows,0
solve,12,24,0.885,16,Windows,0
solve,13,24,0.655,16,Windows,0
solve,14,24,0.749,16,Windows,0
solve,15,24,0.674,16,Windows,0
solve,16,24,0.546,16,Windows,0
solve,17,24,0.45,16,Windows,0
solve,18,24,0.576,16,Windows,0
solve,1,24,4.927,16,Windows,0
solve,2,24,1.995,16,Windows,0
solve,3,24,1.033,16,Windows,0
solve,4,24,0.805,16,Windows,0
solve,5,24,1.03,16,Windows,0
solve,6,24,0.486,16,Windows,0
solve,7,24,0.721,16,Windows,0
solve,8,24,0.759,16,Windows,0
solve,9,24,0.46,16,Windows,0
solve,10,24,0.705,16,Windows,0
solve,11,24,0.663,16,Windows,0
solve,12,24,0.855,16,Windows,0
solve,13,24,0.634,16,Windows,0
solve,14,24,0.734,16,Windows,0
solve,15,24,0.634,16,Windows,0
solve,16,24,0.524,16,Windows,0
solve,17,24,0.431,16,Windows,0
solve,18,24,0.559,16,Windows,0
solve,1,24,5.157,16,Windows,0
solve,1,24,4.935,16,Windows,0
solve,2,24,1.962,16,Windows,0
solve,3,24,1.059,16,Windows,0
solve,4,24,0.806,16,Windows,0
solve,5,24,1.031,16,Windows,0
solve,6,24,0.487,16,Windows,0
solve,7,24,0.707,16,Windows,0
solve,8,24,0.764,16,Windows,0
solve,9,24,0.47,16,Windows,0
solve,10,24,0.703,16,Windows,0
solve,11,24,0.672,16,Windows,0
solve,12,24,0.863,16,Windows,0
solve,13,24,0.638,16,Windows,0
solve,14,24,0.734,16,Windows,0
solve,15,24,0.637,16,Windows,0
solve,16,24,0.528,16,Windows,0
solve,17,24,0.43,16,Windows,0
solve,18,24,0.56,16,Windows,0
solve,1,24,4.996,16,Windows,0
solve,2,24,2.025,16,Windows,0
solve,3,24,1.101,16,Windows,0
solve,4,24,0.846,16,Windows,0
solve,5,24,1.078,16,Windows,0
solve,6,24,0.505,16,Windows,0
solve,7,24,0.726,16,Windows,0
solve,8,24,0.757,16,Windows,0
solve,9,24,0.469,16,Windows,0
solve,10,24,0.754,16,Windows,0
solve,11,24,0.697,16,Windows,0
solve,12,24,0.885,16,Windows,0
solve,13,24,0.655,16,Windows,0
solve,14,24,0.759,16,Windows,0
solve,15,24,0.692,16,Windows,0
solve,16,24,0.541,16,Windows,0
solve,17,24,0.435,16,Windows,0
solve,18,24,0.577,16,Windows,0
solve,3,6,0.03,16,Windows,0
solve,3,6,0.033,16,Windows,0
solve,3,6,0.029,16,Windows,0
solve,3,6,0.028,16,Windows,0
recalc,9,51,7.498,16,Windows,0
solve,1,39,25.832,16,Windows,0
solve,2,39,26.499,16,Windows,0
solve,3,39,190.679,16,Windows,0
solve,4,39,195.121,16,Windows,0
solve,5,39,193.1,16,Windows,0
solve,6,39,52.993,16,Windows,0
solve,7,39,14.05,16,Windows,0
solve,8,39,10.823,16,Windows,0
solve,9,39,7.958,16,Windows,0
solve,10,39,15.772,16,Windows,0
solve,11,39,9.243,16,Windows,0
solve,12,39,13.421,16,Windows,0
solve,13,39,4.248,16,Windows,0
solve,14,39,80.335,16,Windows,0
solve,15,39,6.12,16,Windows,0
solve,16,39,7.594,16,Windows,0
solve,17,39,10.986,16,Windows,0
solve,18,39,7.712,16,Windows,0
solve,19,39,1.689,16,Windows,0
solve,20,39,2.846,16,Windows,0
solve,21,39,1.843,16,Windows,0
solve,22,39,2.465,16,Windows,0
solve,23,39,3.274,16,Windows,0
solve,24,39,2.026,16,Windows,0
solve,25,39,4.629,16,Windows,0
solve,26,39,1.749,16,Windows,0
solve,27,39,1.887,16,Windows,0
solve,28,39,1.964,16,Windows,0
solve,29,39,1.772,16,Windows,0
solve,30,39,1.701,16,Windows,0
solve,31,39,1.838,16,Windows,0
solve,32,39,1.621,16,Windows,0
solve,33,39,1.878,16,Windows,0
solve,34,39,1.651,16,Windows,0
solve,35,39,1.438,16,Windows,0
solve,36,39,1.395,16,Windows,0
solve,37,39,1.472,16,Windows,0
solve,38,39,1.354,16,Windows,0
solve,39,39,1.388,16,Windows,0
solve,1,40,880.654,16,Windows,0
solve,2,40,399.007,16,Windows,0
solve,3,40,161.885,16,Windows,0
solve,4,40,24.28,16,Windows,0
solve,5,40,44.305,16,Windows,0
solve,6,40,120.605,16,Windows,0
solve,7,40,29.995,16,Windows,0
solve,8,40,350.815,16,Windows,0
solve,9,40,2.205,16,Windows,0
solve,10,40,12.249,16,Windows,0
solve,11,40,22.359,16,Windows,0
solve,12,40,1.958,16,Windows,0
solve,13,40,4.011,16,Windows,0
solve,14,40,2.214,16,Windows,0
solve,15,40,11.023,16,Windows,0
solve,16,40,10.039,16,Windows,0
solve,17,40,2.38,16,Windows,0
solve,18,40,12.66,16,Windows,0
solve,19,40,2.975,16,Windows,0
solve,20,40,7.986,16,Windows,0
solve,21,40,3.073,16,Windows,0
solve,22,40,25.985,16,Windows,0
solve,23,40,4.582,16,Windows,0
solve,24,40,2.488,16,Windows,0
solve,25,40,1.777,16,Windows,0
solve,26,40,3.802,16,Windows,0
solve,27,40,1.956,16,Windows,0
solve,28,40,1.943,16,Windows,0
solve,29,40,1.81,16,Windows,0
solve,30,40,1.901,16,Windows,0
solve,31,40,2.163,16,Windows,0
solve,32,40,1.77,16,Windows,0
solve,33,40,1.627,16,Windows,0
solve,34,40,1.662,16,Windows,0
solve,35,40,1.708,16,Windows,0
solve,36,40,1.742,16,Windows,0
solve,37,40,1.503,16,Windows,0
solve,38,40,1.481,16,Windows,0
solve,39,40,1.441,16,Windows,0
solve,40,40,1.5,16,Windows,0
mmvrp,3,6,0.326,16,Windows,0
mmvrp,3,6,0.284,16,Windows,0
solve,3,6,0.043,16,Windows,0
mmvrp,3,6,0.289,16,Windows,0
mmvrp,3,6,0.277,16,Windows,0
solve,3,6,0.032,16,Windows,0
mmvrp,1,4,0.042,16,Windows,0
mmvrp,2,4,0.088,16,Windows,0
mmvrp,3,4,0.111,16,Windows,0
mmvrp,4,4,0.112,16,Windows,0
mmvrp,1,5,0.051,16,Windows,0
mmvrp,2,5,0.16,16,Windows,0
mmvrp,3,5,0.22,16,Windows,0
mmvrp,4,5,0.25,16,Windows,0
mmvrp,5,5,0.21,16,Windows,0
mmvrp,1,6,0.067,16,Windows,0
mmvrp,2,6,0.141,16,Windows,0
mmvrp,3,6,0.295,16,Windows,0
mmvrp,4,6,0.473,16,Windows,0
mmvrp,5,6,0.687,16,Windows,0
mmvrp,6,6,0.369,16,Windows,0
mmvrp,1,7,0.182,16,Windows,0
mmvrp,2,7,0.585,16,Windows,0
mmvrp,3,7,0.509,16,Windows,0
mmvrp,4,7,0.689,16,Windows,0
mmvrp,5,7,0.907,16,Windows,0
mmvrp,6,7,1.514,16,Windows,0
mmvrp,7,7,0.605,16,Windows,0
mmvrp,1,8,0.119,16,Windows,0
mmvrp,2,8,0.952,16,Windows,0
mmvrp,3,8,0.996,16,Windows,0
mmvrp,4,8,0.987,16,Windows,0
mmvrp,5,8,1.375,16,Windows,0
mmvrp,6,8,1.305,16,Windows,0
mmvrp,7,8,1.588,16,Windows,0
mmvrp,8,8,0.754,16,Windows,0
mmvrp,1,9,0.19,16,Windows,0
mmvrp,2,9,2.027,16,Windows,0
mmvrp,3,9,0.906,16,Windows,0
mmvrp,4,9,2.471,16,Windows,0
mmvrp,5,9,33.358,16,Windows,0
mmvrp,6,9,2.165,16,Windows,0
mmvrp,7,9,2.088,16,Windows,0
mmvrp,8,9,1.997,16,Windows,0
mmvrp,9,9,1.171,16,Windows,0
mmvrp,1,9,0.252,16,Windows,0
mmvrp,2,9,46.226,16,Windows,0
mmvrp,3,9,2.293,16,Windows,0
mmvrp,4,9,1.797,16,Windows,0
mmvrp,5,9,15.646,16,Windows,0
mmvrp,6,9,5.035,16,Windows,0
mmvrp,7,9,2.428,16,Windows,0
mmvrp,8,9,2.207,16,Windows,0
mmvrp,9,9,1.211,16,Windows,0
mmvrp,1,10,0.2,16,Windows,0
mmvrp,2,10,7.342,16,Windows,0
mmvrp,3,10,5.867,16,Windows,0
mmvrp,4,10,1.217,16,Windows,0
mmvrp,5,10,432.039,16,Windows,0
mmvrp,6,10,1984.796,16,Windows,0
mmvrp,7,10,1127.211,16,Windows,0
mmvrp,8,10,7.139,16,Windows,0
mmvrp,9,10,6.322,16,Windows,0
mmvrp,10,10,3.849,16,Windows,0
mmvrp,1,11,0.45,16,Windows,0
mmvrp,2,11,6.258,16,Windows,0
mmvrp,3,11,315.315,16,Windows,0
mmvrp,4,11,6.855,16,Windows,0
mmvrp,5,11,4.78,16,Windows,0
mmvrp,6,11,5.491,16,Windows,0
mmvrp,7,11,21301.825,16,Windows,0
solve,10,49,10.579,16,Windows,0
mmvrp,1,14,0.697,16,Windows,0
mmvrp,1,12,1.275,16,Windows,0
mmvrp,2,12,34.567,16,Windows,0
mmvrp,3,12,1339.167,16,Windows,0
mmvrp,4,12,20.395,16,Windows,0
mmvrp,5,12,742.539,16,Windows,0
mmvrp,6,12,667.812,16,Windows,0
mmvrp,7,12,11.845,16,Windows,0
mmvrp,8,12,8.086,16,Windows,0
mmvrp,9,12,8.499,16,Windows,0
mmvrp,10,12,10.066,16,Windows,0
mmvrp,11,12,5.33,16,Windows,0
mmvrp,12,12,3.556,16,Windows,0
mmvrp,1,13,1.653,16,Windows,0
mmvrp,2,13,83.352,16,Windows,0
mmvrp,4,11,2.471,16,Windows,0
mmvrp,4,12,35.484,16,Windows,0
mmvrp,4,12,37.804,16,Windows,0
mmvrp,4,12,11.526,16,Windows,0
solve,4,12,0.111,16,Windows,0
solve,4,14,0.206,16,Windows,0
mmvrp,4,14,146.767,16,Windows,0
solve,4,49,33.899,16,Windows,0
solve,4,38,1.411,16,Windows,0
solve,5,99,41.659,16,Windows,40d
solve,5,99,612.871,16,Windows,40
solve,4,14,0.203,16,Windows,0
solve,4,14,0.202,16,Windows,0
mmvrp,4,14,141.412,16,Windows,0
solve,4,14,0.16,16,Windows,4
solve,4,14,0.243,16,Windows,4
solve,4,14,0.154,16,Windows,4
mmvrp,4,14,140.522,16,Windows,0
mmvrp,4,14,22.886,16,Windows,4
solve,4,14,0.262,16,Windows,4
solve,4,14,0.155,16,Windows,4
solve,4,14,0.153,16,Windows,4
solve,4,14,0.249,16,Windows,4
mmvrp,4,21,4.848,16,Windows,10
